INSERT INTO ENTIDADE_PARCEIRA
VALUES('CASALE PNEUS', '16994258523', 'contato@casalepneus.com', 'RUA EUGENIO CARLOS', '2174', 'SAO CARLOS', 'SP', '13055-184');
INSERT INTO ENTIDADE_PARCEIRA
VALUES('URSO DE OCULOS EVENTOS', '16994765523', 'contato@ursodeoculos.com', 'RUA SANTO PALO', '23', 'ARARAQUARA', 'SP', '14255-195');
INSERT INTO ENTIDADE_PARCEIRA
VALUES('CAMALEAO CENOGRAFIA', '16929840271', 'cenografia@camaleao.com', 'RUA SAULO DE CARVALHO LUZ', '87', 'CAMPINAS', 'SP', '13033-195');
INSERT INTO ENTIDADE_PARCEIRA
VALUES('SAVVI MARKETING DIGITAL', '11998499946', 'contato@savvi.com.br', 'AVENIDA GETULIO MESQUITA', '666', 'SAO CARLOS', 'SP', '16015-282');
INSERT INTO ENTIDADE_PARCEIRA
VALUES('CASIMIRO MIGUEL LTDA.', '11999423423', 'casimiro.miguel@casimiro.com', 'RUA QUATRO', '978', 'SAO PAULO', 'SP', '11865-330');
INSERT INTO ENTIDADE_PARCEIRA
VALUES('GLOBO', '32994328523', 'contato@globo.com.br', 'RUA EREMITA CARANGUEIJO', '1123', 'RIO DE JANEIRO', 'RJ', '23055-184');
INSERT INTO ENTIDADE_PARCEIRA
VALUES('WIZARD', '11994323523', 'contato@wizard.com', 'ALAMEDA DAS PAPOLAS', '864', 'SAO CARLOS', 'SP', '13064-324');

INSERT INTO VETERINARIO
VALUES ('135129', 'MURILO PIRES', 'CLICA VARCHAR', 'murilo@varchar.com.br', '11941299923');
INSERT INTO VETERINARIO
VALUES ('194221', 'LUCAS PIRES', 'CLICA VETMAIS', 'lucas@vetmais.com', '11984629921');
INSERT INTO VETERINARIO
VALUES ('004448', 'GEORGES MAINI', 'CLICA VETMAIS', 'geroges@vetmais.com', '11941241867');
INSERT INTO VETERINARIO
VALUES ('007542', 'JOAO VITOR', 'CLICA PET E CIA', 'contato@petecia.com.br', '11941412923');

INSERT INTO CANIL
VALUES ('CANIL AMOR E PET', 3, 200, 'RUA SAULO DE PENTE TREVE', '941', 'SAO CARLOS', 'SP', '16821-100');
INSERT INTO CANIL
VALUES ('CANIL PEQUENOS COMPANHEIROS', 5, 5482, 'ALAMEDA DOS ANJOS', '1142', 'SAO CARLOS', 'SP', '16530-020');
INSERT INTO CANIL
VALUES ('CANIL PETLANDIA', 3, 200, 'AVENIDA DAS NACOES', '40', 'SAO CARLOS', 'SP', '16053-600');

INSERT INTO FUNCIONARIO
VALUES ('463.775.438-08', 'Rodrigo Teixeira', 'rodrigo.teixeira@petvida.com.br', '19998499946', 'SUPERVISOR', 'Rua Leopoldino do Sol', '52', 'SAO CARLOS', 'SP', '15190-180');
INSERT INTO FUNCIONARIO
VALUES ('682.691.256-28', 'Heitor Camilo', 'heitor.camilo@petvida.com.br', '19963862760', 'RESPONSAVEL_CANIL', 'Rua Tiradentes', '1864', 'SAO CARLOS', 'SP', '15927-120');
INSERT INTO FUNCIONARIO
VALUES ('051.135.247-60', 'Fellipe Awaraisuia', 'fellipe.awaraisuia@petvida.com.br', '19975428163', 'SUPERVISOR', 'Rua Bela Vista', '155', 'SAO CARLOS', 'SP', '15120-560');
INSERT INTO FUNCIONARIO
VALUES ('827.530.644-23', 'Rafaela Kripthcof', 'rafaela.kripthcof@petvida.com.br', '53926491253', 'ORGANIZADOR', 'Rua Espirito Santo', '572', 'SAO CARLOS', 'SP', '15100-124');
INSERT INTO FUNCIONARIO
VALUES ('874.786.163-05', 'Isadora Mendes', 'isadora.mendes@petvida.com.br', '19985728018', 'RESPONSAVEL_CANIL', 'Rua Belo Horizonte', '964', 'SAO CARLOS', 'SP', '15060-864');
INSERT INTO FUNCIONARIO
VALUES ('431.422.751-69', 'Daniel Morimori', 'daniel.morimori@petvida.com.br', '16987264019', 'SUPERVISOR', 'Rua Vinte e Três', '1194', 'SAO CARLOS', 'SP', '15670-050');
INSERT INTO FUNCIONARIO
VALUES ('829.378.271-44', 'Rodrigo Silva', 'rodrigo.silva@petvida.com.br', '19998326516', 'ORGANIZADOR', 'Rua Mato Grosso', '10', 'SAO CARLOS', 'SP', '15872-010');
INSERT INTO FUNCIONARIO
VALUES ('152.552.337-65', 'Melo Cotoncio', 'melo.cotoncio@petvida.com.br', '19998257654', 'RESPONSAVEL_CANIL', 'Rua Sertaozinho', '190', 'SAO CARLOS', 'SP', '15160-110');

INSERT INTO FEIRA (ORCAMENTO, DATA, NUM_ANIMAIS_ADOTADOS, RUA, NUMERO, CIDADE, ESTADO, CEP)
VALUES (1120, '12/01/2023', 6, 'Rua Sao Jose', '5420', 'SAO CARLOS', 'SP', '15660-001');
INSERT INTO FEIRA (ORCAMENTO, DATA, NUM_ANIMAIS_ADOTADOS, RUA, NUMERO, CIDADE, ESTADO, CEP)
VALUES (2120, '19/01/2023', 4, 'Rua Sao Jose', '5420', 'SAO CARLOS', 'SP', '15660-001');
INSERT INTO FEIRA (ORCAMENTO, DATA, NUM_ANIMAIS_ADOTADOS, RUA, NUMERO, CIDADE, ESTADO, CEP)
VALUES (2120, '26/01/2023', 4, 'Rua Serenata do Amor', '5420', 'SAO CARLOS', 'SP', '12500-160');
INSERT INTO FEIRA (ORCAMENTO, DATA, NUM_ANIMAIS_ADOTADOS, RUA, NUMERO, CIDADE, ESTADO, CEP)
VALUES (2120, '02/02/2023', 4, 'Rua Serenata do Amor', '820', 'SAO CARLOS', 'SP', '12500-160');

INSERT INTO MORADOR
VALUES ('617.434.611-00', 'Gilson Neres Frajuca', '45', '97934956482', 8200, 1, 0, 'Rua 4', '120', 'SAO CARLOS', 'SP', '14982-090');
INSERT INTO MORADOR
VALUES ('961.285.862-44', 'Radija Mortágua Mexia', '39', '97934956482', 10000, 2, 0, 'Rua da Paz', '24', 'SAO CARLOS', 'SP', '15890-091');
INSERT INTO MORADOR
VALUES ('111.182.231-01', 'Amélia Luz Botica', '29', '97934956482', 5400, 3, 1, 'Rua São João', '12', 'SAO CARLOS', 'SP', '15760-025');
INSERT INTO MORADOR
VALUES ('363.852.712-34', 'Tobias Torreiro Barreno', '62', '97934956482', 4600, 1, 0, 'Rua Castro Alves', '180', 'SAO CARLOS', 'SP', '15723-865');
INSERT INTO MORADOR
VALUES ('668.718.678-72', 'Jacinto Taveiros Cavaco', '40', '97934956482', 6000, 2, 0, 'Rua São Luiz', '140', 'SAO CARLOS', 'SP', '15690-892');
INSERT INTO MORADOR
VALUES ('568.437.772-60', 'Anael Vilalobos Palha', '42', '97934956482', 2200, 2, 2, 'Rua Rio de Janeiro', '960', 'SAO CARLOS', 'SP', '15690-072');
INSERT INTO MORADOR
VALUES ('030.488.514-29', 'Mouhamed Amorim Cartaxo', '37', '97934956482', 25600, 0, 0, 'Rua Santa Catarina', '1900', 'SAO CARLOS', 'SP', '15762-276');
INSERT INTO MORADOR
VALUES ('666.068.167-18', 'Pandora Jardim Proença', '35', '97934956482', 9060, 0, 0, 'Rua Onze', '4420', 'SAO CARLOS', 'SP', '15876-087');
INSERT INTO MORADOR
VALUES ('884.013.821-81', 'Luca Cadavez Alcântara', '28', '97934956482', 3600, 1, 2, 'Rua Piauí', '190', 'SAO CARLOS', 'SP', '15690-123');
INSERT INTO MORADOR
VALUES ('923.099.155-48', 'Adriela Mendonça Ramalho', '50', '97934956482', 2200, 1, 0, 'Rua Santa Catarina', '86', 'SAO CARLOS', 'SP', '15789-523');
INSERT INTO MORADOR
VALUES ('292.408.153-09', 'Mílton Brum Toste', '52', '97934956482', 5200, 2, 1, 'Rua Quinze de Novembro', '84', 'SAO CARLOS', 'SP', '15234-123');
INSERT INTO MORADOR
VALUES ('802.673.515-34', 'Davi Cancela Benevides', '41', '97934956482', 4600, 1, 0, 'Rua José Bonifácio', '1200', 'SAO CARLOS', 'SP', '15690-090');

INSERT INTO CONTRIBUICAO
VALUES ('CASALE PNEUS', '12/01/23', 800);
INSERT INTO CONTRIBUICAO
VALUES ('CAMALEAO CENOGRAFIA', '12/01/23', 1500);
INSERT INTO CONTRIBUICAO
VALUES ('SAVVI MARKETING DIGITAL', '12/01/23', 2700);
INSERT INTO CONTRIBUICAO
VALUES ('URSO DE OCULOS EVENTOS', '12/01/23', 9000);
INSERT INTO CONTRIBUICAO
VALUES ('CASIMIRO MIGUEL LTDA.', '19/01/23', 500);
INSERT INTO CONTRIBUICAO
VALUES ('SAVVI MARKETING DIGITAL', '19/01/23', 2050);
INSERT INTO CONTRIBUICAO
VALUES ('WIZARD', '12/01/23', 300);
INSERT INTO CONTRIBUICAO
VALUES ('GLOBO', '12/01/23', 6700);
INSERT INTO CONTRIBUICAO
VALUES ('SAVVI MARKETING DIGITAL', '02/02/23 ', 15000);

INSERT INTO PARTICIPACAO_FEIRA
VALUES ('1', 'CASALE PNEUS');
INSERT INTO PARTICIPACAO_FEIRA
VALUES ('1', 'CAMALEAO CENOGRAFIA');
INSERT INTO PARTICIPACAO_FEIRA
VALUES ('1', 'SAVVI MARKETING DIGITAL');
INSERT INTO PARTICIPACAO_FEIRA
VALUES ('1', 'URSO DE OCULOS EVENTOS');
INSERT INTO PARTICIPACAO_FEIRA
VALUES ('2', 'CASIMIRO MIGUEL LTDA.');
INSERT INTO PARTICIPACAO_FEIRA
VALUES ('2', 'SAVVI MARKETING DIGITAL');
INSERT INTO PARTICIPACAO_FEIRA
VALUES ('3', 'WIZARD');
INSERT INTO PARTICIPACAO_FEIRA
VALUES ('3', 'GLOBO');
INSERT INTO PARTICIPACAO_FEIRA
VALUES ('4', 'SAVVI MARKETING DIGITAL');

INSERT INTO ORGANIZADOR_FEIRA
VALUES ('827.530.644-23', '1');
INSERT INTO ORGANIZADOR_FEIRA
VALUES ('827.530.644-23', '2');
INSERT INTO ORGANIZADOR_FEIRA
VALUES ('829.378.271-44', '3');
INSERT INTO ORGANIZADOR_FEIRA
VALUES ('829.378.271-44', '4');

INSERT INTO PROJETO
VALUES ('REVITALIZAÇÃO DA PRAÇA XIIV', '051.135.247-60', 15000, 90, '16/03/2023', '16/06/2023', '0', 'ALTA', 'Rua XIIV', '123', 'SAO CARLOS', 'SP', '15780-120');
INSERT INTO PROJETO
VALUES ('REVITALIZAÇÃO DA PRAÇA DA FÉ', '463.775.438-08', 9800, 60, '23/03/2023', '28/05/2023', '0', 'MEDIA', 'Rua Frei Caneca', '1100', 'SAO CARLOS', 'SP', '15020-120');

INSERT INTO RESPONSAVEL_CANIL
VALUES ('682.691.256-28', 'CANIL AMOR E PET');
INSERT INTO RESPONSAVEL_CANIL
VALUES ('874.786.163-05', 'CANIL PEQUENOS COMPANHEIROS');
INSERT INTO RESPONSAVEL_CANIL
VALUES ('152.552.337-65', 'CANIL PETLANDIA');

INSERT INTO ANIMAL (NOME, CANIL, TIPO, IDADE, RACA, ISCASTRADO, ISVERMIFUGADO)
VALUES ('Bilu', 'CANIL AMOR E PET', 'CACHORRO', 3, 'Dogo Argentino', 'S', 'S');
INSERT INTO ANIMAL (NOME, CANIL, TIPO, IDADE, RACA, ISCASTRADO, ISVERMIFUGADO)
VALUES ('Rex', 'CANIL AMOR E PET', 'CACHORRO', 8, 'Golden retriever', 'N', 'S');
INSERT INTO ANIMAL (NOME, CANIL, TIPO, IDADE, RACA, ISCASTRADO, ISVERMIFUGADO)
VALUES ('Noah', 'CANIL AMOR E PET', 'CACHORRO', 5, 'Vira Lata', 'N', 'S');
INSERT INTO ANIMAL (NOME, CANIL, TIPO, IDADE, RACA, ISCASTRADO, ISVERMIFUGADO)
VALUES ('Malvadinho', 'CANIL PEQUENOS COMPANHEIROS', 'CACHORRO', 1, 'Yorkshire', 'S', 'S');
INSERT INTO ANIMAL (NOME, CANIL, TIPO, IDADE, RACA, ISCASTRADO, ISVERMIFUGADO)
VALUES ('Cazion', 'CANIL PEQUENOS COMPANHEIROS', 'CACHORRO', 3, 'Vira Lata', 'S', 'S');
INSERT INTO ANIMAL (NOME, CANIL, TIPO, IDADE, RACA, ISCASTRADO, ISVERMIFUGADO)
VALUES ('Amelia', 'CANIL PEQUENOS COMPANHEIROS', 'GATO', 2, 'Siames', 'S', 'S');
INSERT INTO ANIMAL (NOME, CANIL, TIPO, IDADE, RACA, ISCASTRADO, ISVERMIFUGADO)
VALUES ('Renatinho', 'CANIL PEQUENOS COMPANHEIROS', 'GATO', 3, 'Siames', 'N', 'N');
INSERT INTO ANIMAL (NOME, CANIL, TIPO, IDADE, RACA, ISCASTRADO, ISVERMIFUGADO)
VALUES ('Mel', 'CANIL PEQUENOS COMPANHEIROS', 'CACHORRO', 6, 'Vira Lata', 'S', 'S');
INSERT INTO ANIMAL (NOME, CANIL, TIPO, IDADE, RACA, ISCASTRADO, ISVERMIFUGADO)
VALUES ('Guinho', 'CANIL PETLANDIA', 'CACHORRO', 3, 'Dogue Alemao', 'N', 'N');
INSERT INTO ANIMAL (NOME, CANIL, TIPO, IDADE, RACA, ISCASTRADO, ISVERMIFUGADO)
VALUES ('Odin', 'CANIL PETLANDIA', 'CACHORRO', 8, 'Vira Lata', 'S', 'S');
INSERT INTO ANIMAL (NOME, CANIL, TIPO, IDADE, RACA, ISCASTRADO, ISVERMIFUGADO)
VALUES ('Thor', 'CANIL PETLANDIA', 'CACHORRO', 5, 'Vira Lata', 'N', 'S');

INSERT INTO VACINA
VALUES ('4', '135129', 'Cinomose', '24/12/2022');
INSERT INTO VACINA
VALUES ('5', '135129', 'Cinomose', '24/12/2022');
INSERT INTO VACINA
VALUES ('8', '135129', 'Cinomose', '24/12/2022');
INSERT INTO VACINA
VALUES ('9', '135129', 'Cinomose', '24/12/2022');
INSERT INTO VACINA
VALUES ('10', '135129', 'Cinomose', '24/12/2022');
INSERT INTO VACINA
VALUES ('11', '135129', 'Cinomose', '24/12/2022');
INSERT INTO VACINA
VALUES ('4', '135129', 'Cinomose', '24/12/2021');
INSERT INTO VACINA
VALUES ('5', '135129', 'Cinomose', '24/12/2021');
INSERT INTO VACINA
VALUES ('8', '135129', 'Cinomose', '24/12/2021');
INSERT INTO VACINA
VALUES ('9', '135129', 'Cinomose', '24/12/2021');
INSERT INTO VACINA
VALUES ('10', '135129', 'Cinomose', '24/12/2021');
INSERT INTO VACINA
VALUES ('11', '135129', 'Cinomose', '24/12/2021');
INSERT INTO VACINA
VALUES ('4', '194221', 'Parvovirose', '02/01/2023');
INSERT INTO VACINA
VALUES ('5', '194221', 'Parvovirose', '02/01/2023');
INSERT INTO VACINA
VALUES ('8', '194221', 'Parvovirose', '02/01/2023');
INSERT INTO VACINA
VALUES ('9', '194221', 'Parvovirose', '02/01/2023');
INSERT INTO VACINA
VALUES ('10', '194221', 'Parvovirose', '02/01/2023');
INSERT INTO VACINA
VALUES ('11', '194221', 'Parvovirose', '02/01/2023');
INSERT INTO VACINA
VALUES ('6', '004448', 'Clamidiose', '02/01/2023');
INSERT INTO VACINA
VALUES ('10', '007542', 'Adenovirose', '09/01/2023');
INSERT INTO VACINA
VALUES ('11', '007542', 'Adenovirose', '09/01/2023');

INSERT INTO CONSULTA
VALUES ('9', '194221', '17/02/2023', 'Kléber', '1999893932');
INSERT INTO CONSULTA
VALUES ('7', '004448', '02/03/2023', 'Rodrigo', '16990576284');
INSERT INTO CONSULTA
VALUES ('11', '194221', '16/02/2023', 'Amanda', '16998467234');

INSERT INTO ADOCAO
VALUES ('617.434.611-00', '4', '19/01/2023');
INSERT INTO ADOCAO
VALUES ('961.285.862-44', '5', '26/01/2023');
INSERT INTO ADOCAO
VALUES ('668.718.678-72', '6', '02/02/2023');
INSERT INTO ADOCAO
VALUES ('666.068.167-18', '8', '02/02/2023');